Metric,Value
MAE,7.8230521837297315
RMSE,11.391322893890614
R²,0.8754284728114138
